ID,Titulo,Epica,EpicaNombre,Como,Quiero,Para,Puntos,Microservicio,PaqueteFlutter,Tablas,Pantalla,DependeDe,Etiquetas,CriteriosAceptacion,Notas
HU-001,Scaffolding del monorepo de backend,E00,Fundación,desarrollador,tener el repo `regenta-backend` con un módulo Maven por microservicio y un POM padre,que agregar un servicio nuevo sea copiar una carpeta y no rediscutir la estructura,5,todos,—,,—,,"fundacion, backend","1. Dado el repo recién clonado, cuando ejecuto `./mvnw -q -DskipTests package`, entonces compilan los 15 módulos y el gateway sin errores.
2. Dado el POM padre, cuando reviso las versiones, entonces Spring Boot, Java 21 y las dependencias comunes están declaradas una sola vez en `dependencyManagement`.
3. Dado un módulo cualquiera, cuando abro su `src/main/java`, entonces los paquetes están por feature (`com.regenta.ventas.domain`, `com.regenta.ventas.api`) y no por capa.
4. Dado el repo, cuando busco archivos de contexto de asistentes, entonces no hay ninguno versionado y el `.gitignore` los excluye.","Servicios: gateway, usuarios, clientes, inventario, ventas, compras, recursos, reservas, menu, mesas, comandas, facturacion, caja, alertas, reportes, auditoria."
HU-002,Scaffolding del monorepo Flutter con melos,E00,Fundación,desarrollador,tener `regenta-app` como monorepo melos con un paquete por módulo y una sola app,que la app cargue solo los paquetes del patrón operativo del negocio,5,—,todos,,—,,"fundacion, flutter","1. Dado el repo recién clonado, cuando ejecuto `melos bootstrap`, entonces se resuelven las dependencias de todos los paquetes sin conflictos.
2. Dado `apps/regenta`, cuando ejecuto `flutter run -d chrome` y `flutter run -d android`, entonces arranca en ambos destinos con la misma base de código.
3. Dado un paquete de módulo, cuando reviso su `pubspec.yaml`, entonces depende de `core` y nunca de otro paquete de módulo.
4. Dado `flutter analyze`, cuando lo ejecuto en la raíz, entonces no hay advertencias en ningún paquete.","Paquetes: core, usuarios, reportes, facturacion, inventario, ventas, compras, recursos, reservas, menu, mesas, comandas."
HU-003,Levantar el entorno local con Docker Compose,E00,Fundación,desarrollador,"levantar PostgreSQL, RabbitMQ y los servicios con un solo comando",poder trabajar sin depender de infraestructura desplegada,3,todos,—,,—,HU-001,"fundacion, infra","1. Dado el repo, cuando ejecuto `docker compose up -d`, entonces quedan arriba PostgreSQL 16, RabbitMQ con panel de administración y los servicios declarados.
2. Dado el compose levantado, cuando consulto `http://localhost:15672`, entonces el panel de RabbitMQ responde.
3. Dado un servicio, cuando lo detengo y lo vuelvo a levantar, entonces conserva sus datos en un volumen nombrado.
4. Dado `docker compose down -v`, cuando lo ejecuto, entonces el entorno queda limpio para empezar de cero.",
HU-004,Crear una base de datos por microservicio,E00,Fundación,arquitecto,"que cada microservicio tenga su propia base, nunca una compartida",que ningún servicio pueda leer las tablas de otro ni por error,5,todos,—,,—,HU-003,"fundacion, bbdd","1. Dado el arranque del compose, cuando reviso PostgreSQL, entonces existe una base por servicio con su propio usuario y contraseña.
2. Dado el usuario de un servicio, cuando intenta consultar una tabla de la base de otro, entonces PostgreSQL lo rechaza por permisos.
3. Dado el script de inicialización, cuando se ejecuta dos veces, entonces es idempotente y no falla.
4. Dado un servicio, cuando reviso su `application.yml`, entonces apunta solo a su propia base.","El DDL de `modelo-datos/sql/` se carga en una sola base para revisar el modelo entero; en ejecución cada esquema vive en su propia base. No hay ni una FK que cruce esquemas, así que la separación no rompe nada."
HU-005,Migraciones versionadas con Flyway por servicio,E00,Fundación,desarrollador,que el esquema de cada servicio se cree y evolucione con migraciones versionadas,"que el esquema en local, en CI y en producción sea siempre el mismo",5,todos,—,,—,HU-004,"fundacion, bbdd","1. Dado un servicio recién arrancado contra una base vacía, cuando inicia, entonces Flyway aplica sus migraciones y el esquema queda completo.
2. Dado el DDL de `modelo-datos/sql/`, cuando lo porto a migraciones, entonces cada servicio tiene su `V1__esquema_inicial.sql` con solo sus tablas.
3. Dada una migración ya aplicada, cuando alguien la modifica, entonces Flyway falla con error de checksum en vez de aplicarla en silencio.
4. Dado el arranque, cuando reviso los logs, entonces se ve qué versión de esquema quedó aplicada.","Las extensiones `pgcrypto`, `btree_gist`, `pg_trgm` y `unaccent` van en la primera migración de los servicios que las usan."
HU-006,Row-Level Security activa en todas las tablas de negocio,E00,Fundación,arquitecto,que PostgreSQL rechace por sí solo cualquier consulta que intente ver datos de otro negocio,que un `WHERE` olvidado no se convierta en una fuga entre clientes,8,todos,—,,—,HU-005,"fundacion, bbdd, seguridad","1. Dada una tabla de negocio, cuando reviso su definición, entonces tiene `ENABLE ROW LEVEL SECURITY` y `FORCE ROW LEVEL SECURITY` con la política `tenant_isolation`.
2. Dada una transacción sin `app.negocio_id` fijado, cuando consulto cualquier tabla de negocio, entonces devuelve cero filas.
3. Dada una transacción con el `negocio_id` del negocio A, cuando consulto filas del negocio B por id directo, entonces no las devuelve.
4. Dado un test de integración con dos negocios cargados, cuando ejecuto el mismo repositorio con un tenant y con el otro, entonces cada uno ve solo lo suyo.","CRÍTICO: la variable se fija con `SET LOCAL app.negocio_id`, **nunca** con `SET`. HikariCP reutiliza conexiones entre peticiones; un `SET` normal deja el negocio anterior pegado a la conexión y convierte el mecanismo de seguridad en la fuga. Va en un interceptor atado a la transacción, no en la configuración del pool."
HU-007,API Gateway con validación de JWT y enrutamiento,E00,Fundación,arquitecto,un único punto de entrada que valide el token y enrute a cada microservicio,no duplicar la lógica de autenticación en cada servicio ni en cada cliente,5,gateway,—,,—,HU-001,"fundacion, backend, seguridad","1. Dada una petición sin token, cuando llega al gateway, entonces responde 401 sin tocar el servicio destino.
2. Dada una petición con token válido, cuando llega, entonces el gateway la enruta y propaga `negocio_id`, plan, patrón y roles al servicio.
3. Dado un token expirado o con firma inválida, cuando llega, entonces responde 401 y lo registra con el `trace_id`.
4. Dado un negocio en estado `SUSPENDIDO` o `CANCELADO`, cuando su usuario hace una petición, entonces el gateway responde 402 y no enruta.",
HU-008,Outbox e Inbox como librería compartida,E00,Fundación,desarrollador,una librería con el patrón Outbox e Inbox que todo servicio pueda usar,que ningún evento se pierda cuando el bus está caído ni se procese dos veces cuando llega repetido,8,todos,—,"outbox_eventos, inbox_eventos",—,HU-005,"fundacion, backend, eventos","1. Dado un agregado que se guarda, cuando la transacción hace commit, entonces el evento quedó insertado en `outbox_eventos` en esa misma transacción.
2. Dado RabbitMQ caído, cuando se guarda un agregado, entonces la operación termina bien y el evento queda `PENDIENTE` para publicarse después.
3. Dado un publicador corriendo, cuando hay eventos pendientes, entonces los publica y los marca `PUBLICADO` con su marca de tiempo.
4. Dado un evento que ya se procesó, cuando llega otra vez, entonces el consumidor lo descarta por el `mensaje_id` del Inbox y no repite el efecto.
5. Dado un evento que falla 10 veces, cuando se agota el reintento, entonces queda `FALLIDO` y se enruta a una cola muerta.",Sin Outbox no hay atomicidad entre guardar y publicar: un broker caído después del commit hace desaparecer el evento sin error visible. Sin Inbox no hay idempotencia: AMQP entrega *at-least-once*.
HU-009,Pipeline de CI para ambos repos,E00,Fundación,desarrollador,que cada push y cada PR compile y ejecute los tests automáticamente,no descubrir en producción algo que un test hubiera atrapado,3,todos,todos,,—,"HU-001, HU-002","fundacion, ci","1. Dado un push a cualquier rama, cuando corre el workflow, entonces compila y ejecuta los tests de los módulos afectados.
2. Dado un PR, cuando los tests fallan, entonces el merge queda bloqueado.
3. Dado el repo Flutter, cuando corre el workflow, entonces ejecuta `flutter analyze` y `flutter test`.
4. Dado el repo backend, cuando corre el workflow, entonces levanta Postgres con Testcontainers para los tests de integración.",
HU-010,Documentación OpenAPI por servicio,E00,Fundación,desarrollador de la app,que cada servicio publique su contrato OpenAPI actualizado,poder generar el cliente Dart sin adivinar la forma de las respuestas,2,todos,—,,—,HU-001,"fundacion, backend","1. Dado un servicio corriendo, cuando consulto `/swagger-ui`, entonces veo sus endpoints documentados.
2. Dado un endpoint, cuando lo reviso en el contrato, entonces declara sus códigos de respuesta, incluidos 401, 402, 403 y 422.
3. Dado el contrato, cuando genero el cliente Dart, entonces compila sin ajustes manuales.",
HU-011,Registrar un negocio nuevo con su plan y patrón,E01,Core · Tenant e identidad,operador de Regenta,dar de alta un negocio eligiendo plan y patrón operativo,vender a un cliente nuevo sin desplegar nada,5,servicio-usuarios,core,"negocios, planes, patrones_operativos, suscripciones, configuracion_negocio",—,HU-006,"core, backend","1. Dado un documento fiscal ya registrado en el mismo país, cuando intento crear el negocio, entonces responde 409 y no lo duplica.
2. Dado un negocio creado, cuando reviso la base, entonces existe su fila en `negocios`, su `configuracion_negocio` y una `suscripcion` vigente.
3. Dado un negocio creado, cuando consulto sus módulos, entonces `negocio_modulos` refleja exactamente los del plan contratado.
4. Dado un negocio creado, cuando reviso el evento publicado, entonces salió `negocio_creado` con id, plan y patrón.",El patrón operativo es inmutable en la práctica: cambiarlo tras operar exige migrar datos entre modelos distintos. El servicio lo bloquea si el negocio ya tiene transacciones.
HU-012,Crear el primer usuario administrador del negocio,E01,Core · Tenant e identidad,operador de Regenta,que al crear un negocio se cree su primer usuario administrador,que el cliente pueda entrar el mismo día sin intervención nuestra,3,servicio-usuarios,core,"usuarios, roles, usuario_roles, plantillas_rol",—,HU-011,"core, backend","1. Dado un negocio recién creado, cuando termina el alta, entonces existe un usuario con rol Administrador y todos los permisos.
2. Dado ese negocio, cuando reviso sus roles, entonces se instanciaron las plantillas comunes (Administrador, Gerente) y las del patrón elegido.
3. Dado un patrón Venta directa, cuando reviso las plantillas, entonces están Vendedor y Cajero, y no están Recepcionista ni Mesero.",El motor de roles no cambia entre patrones; solo cambian las plantillas que el negocio instancia.
HU-013,Autenticación con emisión de JWT,E01,Core · Tenant e identidad,usuario del negocio,entrar con mi correo y contraseña y recibir un token,poder usar la app desde el celular y desde el navegador,5,servicio-usuarios,core,"usuarios, refresh_tokens, negocios, planes",design/pantallas/LoginWeb.html,HU-012,"core, backend, seguridad","1. Dadas credenciales correctas, cuando entro, entonces recibo un JWT con `negocio_id`, plan, patrón, roles y sucursales, y un refresh token.
2. Dado que el mismo correo existe en dos negocios, cuando entro, entonces el API devuelve la lista de negocios para que elija antes de emitir el token.
3. Dadas credenciales incorrectas cinco veces seguidas, cuando intento la sexta, entonces la cuenta queda bloqueada temporalmente y el API responde 423.
4. Dado un usuario en estado `INACTIVO` o `BLOQUEADO`, cuando intento entrar, entonces responde 401 sin decir cuál de las dos cosas pasa.","El correo es único **por negocio**, no global: la misma persona puede trabajar en dos negocios clientes."
HU-014,Rotación y revocación de refresh tokens,E01,Core · Tenant e identidad,responsable de seguridad,que el refresh token rote en cada uso y se pueda revocar,que un token robado tenga ventana corta y se pueda cortar el acceso de un dispositivo,3,servicio-usuarios,core,refresh_tokens,—,HU-013,"core, backend, seguridad","1. Dado un refresh token válido, cuando lo uso, entonces recibo uno nuevo y el anterior queda revocado.
2. Dado un refresh token ya usado, cuando lo reutilizo, entonces se revoca toda la cadena de esa sesión y responde 401.
3. Dado un dispositivo listado, cuando lo revoco desde la app, entonces sus tokens dejan de servir de inmediato.",
HU-015,Gestión de usuarios del negocio con límite por plan,E01,Core · Tenant e identidad,administrador del negocio,"invitar, editar y desactivar usuarios de mi negocio",controlar quién entra al sistema sin depender de soporte,5,servicio-usuarios,usuarios,"usuarios, invitaciones, usuario_roles, usuario_sucursales",design/pantallas/UsuariosWeb.html,HU-012,"core, backend, flutter","1. Dado un plan Profesional con 10 usuarios permitidos y 10 activos, cuando invito a uno más, entonces responde 402 indicando el límite del plan.
2. Dado un correo ya usado en mi negocio, cuando lo invito, entonces responde 409.
3. Dada una invitación enviada, cuando el invitado la acepta antes de que expire, entonces su usuario queda `ACTIVO` con el rol asignado.
4. Dada una invitación expirada, cuando intentan aceptarla, entonces responde 410.
5. Dado un usuario desactivado, cuando intenta entrar, entonces no puede, pero sus ventas históricas siguen atribuidas a él.",
HU-016,Motor de roles y permisos por negocio,E01,Core · Tenant e identidad,administrador del negocio,definir roles con permisos específicos,que el vendedor no pueda editar precios ni ver los costos,5,servicio-usuarios,usuarios,"roles, permisos, rol_permisos, plantillas_rol",design/pantallas/UsuariosWeb.html,HU-015,"core, backend, flutter","1. Dado el catálogo global de permisos, cuando creo un rol, entonces puedo asignarle cualquier subconjunto.
2. Dado un usuario sin el permiso `INVENTARIO_PRODUCTO_EDITAR`, cuando intenta editar un producto, entonces el API responde 403.
3. Dado un rol de sistema (Administrador), cuando intento eliminarlo, entonces responde 409.
4. Dado un rol asignado a usuarios, cuando lo elimino, entonces se me exige reasignar a esos usuarios primero.
5. Dado un rol acotado a una sucursal, cuando el usuario consulta datos de otra sucursal, entonces no los ve.",El Core solo conoce «rol» y «permiso». Nunca hardcodear nombres de rol específicos de un patrón.
HU-017,Validación de módulo por plan en el backend,E01,Core · Tenant e identidad,arquitecto,una anotación que bloquee el acceso a un módulo que el plan no incluye,que ocultar el botón en la app no sea la única defensa,5,todos,—,"negocio_modulos, plan_modulos, modulo_dependencias",—,"HU-007, HU-011","core, backend, seguridad","1. Dado un endpoint anotado con `@RequiereModulo(""FACTURACION"")` y un negocio en plan Básico, cuando lo llamo, entonces responde **402 Payment Required**, no 403.
2. Dado un negocio con el módulo activo como add-on, cuando llamo al endpoint, entonces pasa aunque su plan base no lo incluya.
3. Dado un cambio de plan, cuando se publica `plan_cambiado`, entonces la caché de módulos activos se invalida en todos los servicios.
4. Dado el grafo de dependencias, cuando intento activar `FACTURACION` sin `VENTAS`, entonces se rechaza.",
HU-018,Configuración fiscal y de operación del negocio,E01,Core · Tenant e identidad,administrador del negocio,"configurar mis datos fiscales, impuestos y preferencias",que las facturas salgan con mis datos y los precios calculen bien,5,servicio-usuarios,core,"configuracion_negocio, impuestos",design/pantallas/ConfiguracionWeb.html,HU-011,"core, backend, flutter","1. Dado mi negocio, cuando edito razón social, NIT, régimen y responsabilidades fiscales, entonces se guardan y se publica `configuracion_negocio_actualizada`.
2. Dado que creo un impuesto IVA 19%, cuando lo marco por defecto, entonces los productos nuevos lo toman.
3. Dado un impuesto usado en documentos emitidos, cuando intento cambiar su porcentaje, entonces se me obliga a crear uno nuevo en vez de modificarlo.
4. Dada la opción «los precios incluyen impuesto», cuando la cambio, entonces se advierte que afecta el cálculo de todas las ventas nuevas.",
HU-019,Sucursales y bodegas del negocio,E01,Core · Tenant e identidad,administrador del negocio,administrar mis sucursales,poder operar en más de un punto físico,3,servicio-usuarios,core,"sucursales, usuario_sucursales",design/pantallas/ConfiguracionWeb.html,"HU-017, HU-018","core, backend, flutter","1. Dado un plan sin Multi-sucursal, cuando intento crear una segunda sucursal, entonces responde 402.
2. Dado un negocio nuevo, cuando se crea, entonces tiene una sucursal principal por defecto.
3. Dado que marco otra sucursal como principal, cuando guardo, entonces la anterior deja de serlo (solo puede haber una).
4. Dado un usuario asignado a una sucursal, cuando consulta datos, entonces solo ve los de esa sucursal.",`sucursal_id` existe en el modelo desde el día 1 aunque Multi-sucursal se venda en Empresarial: agregarla después obliga a reescribir todos los índices.
HU-020,Consulta del plan y los módulos activos desde la app,E01,Core · Tenant e identidad,usuario del negocio,que la app sepa qué módulos tengo activos,que no me muestre pantallas que mi plan no incluye,3,servicio-usuarios,core,"negocio_modulos, planes, modulos",—,HU-017,"core, flutter","1. Dado que entro, cuando la app lee el token, entonces conoce plan, patrón y módulos activos sin una llamada extra.
2. Dado un módulo inactivo, cuando reviso la navegación, entonces su entrada no aparece.
3. Dado un módulo que se activa mientras estoy en sesión, cuando refresco el token, entonces la navegación se actualiza.",
HU-021,Crear y consultar clientes,E02,Clientes y cartera,vendedor,registrar clientes con sus datos fiscales y de contacto,poder facturarles y llevar su historial,5,servicio-clientes,core,"clientes, direcciones_cliente, contactos_cliente",design/pantallas/ClientesWeb.html,HU-011,"clientes, backend, flutter","1. Dado un documento ya registrado en mi negocio, cuando creo otro cliente con el mismo, entonces responde 409.
2. Dado un cliente de tipo JURIDICA sin razón social, cuando lo guardo, entonces responde 422 nombrando el campo.
3. Dado que busco por nombre parcial, cuando escribo tres letras, entonces la búsqueda responde en menos de 300 ms sobre 10.000 clientes.
4. Dado un cliente sin documento, cuando lo creo como «consumidor final», entonces se permite y no choca con otros iguales.",
HU-022,Cupo de crédito y cartera del cliente,E02,Clientes y cartera,administrador del negocio,asignar cupo de crédito y ver el saldo de cada cliente,saber a quién puedo venderle a plazo y a quién no,5,servicio-clientes,core,"clientes, cuentas_por_cobrar, recaudos",design/pantallas/ClientesWeb.html,HU-021,"clientes, backend, flutter","1. Dado un cliente con cupo de $5.000.000 y saldo de $4.800.000, cuando se intenta una venta a crédito de $500.000, entonces el API avisa que excede el cupo.
2. Dada una cuenta por cobrar vencida, cuando consulto el cliente, entonces aparece marcada como vencida con los días de mora.
3. Dado un recaudo parcial, cuando lo registro, entonces el saldo baja y el estado pasa a `PARCIAL`.
4. Dado un recaudo que iguala el monto, cuando lo registro, entonces la cuenta queda `PAGADA` y el saldo del cliente se ajusta.",
HU-023,Métricas del cliente alimentadas por eventos,E02,Clientes y cartera,gerente,ver cuánto ha comprado un cliente y cuándo fue su última compra,saber a quién vale la pena llamar,5,servicio-clientes,—,cliente_metricas,—,"HU-008, HU-021","clientes, backend, eventos","1. Dado un evento `venta_completada`, cuando lo consume el servicio, entonces `cliente_metricas` suma el documento y el monto.
2. Dado el mismo evento entregado dos veces, cuando llega el duplicado, entonces las métricas no se duplican.
3. Dado un evento `estancia_finalizada` o `pedido_completado`, cuando llega, entonces actualiza las mismas métricas — los tres patrones alimentan la misma proyección.
4. Dada una venta anulada, cuando llega el evento, entonces las métricas se ajustan hacia abajo.",
HU-024,Historial de interacciones con el cliente,E02,Clientes y cartera,vendedor,"registrar llamadas, visitas y notas sobre un cliente",que la siguiente persona que lo atienda sepa qué se habló,2,servicio-clientes,core,interacciones,design/pantallas/ClientesMovil.html,HU-021,"clientes, backend, flutter","1. Dado un cliente, cuando registro una interacción, entonces queda con tipo, fecha, autor y detalle.
2. Dado un cliente con interacciones, cuando abro su ficha, entonces las veo en orden cronológico inverso.
3. Dada una interacción con seguimiento, cuando llega la fecha, entonces genera una alerta al responsable.",
HU-025,Listado de clientes en móvil con búsqueda y filtros,E02,Clientes y cartera,vendedor en mostrador,buscar un cliente rápido desde el celular,no demorar la venta buscando a quién facturar,3,—,core,clientes,design/pantallas/ClientesMovil.html,HU-021,"clientes, flutter","1. Dada la lista, cuando escribo en el buscador, entonces filtra por nombre, NIT o cédula sin recargar.
2. Dado que no hay conexión, cuando abro la lista, entonces veo los clientes cacheados localmente.
3. Dados los filtros «con saldo» y «vencidos», cuando los aplico, entonces la lista responde al instante.",
HU-026,Categorías del negocio con jerarquía,E03,Inventario · catálogo del patrón Venta directa,administrador del negocio,crear mis propias categorías de producto,"organizar el catálogo con las palabras de mi negocio, no con las del sistema",3,servicio-inventario,inventario,categorias,design/pantallas/CategoriasWeb.html,"HU-006, HU-011","inventario, backend, flutter","1. Dado mi negocio, cuando creo una categoría, entonces queda asociada a mi `negocio_id` y no la ve ningún otro negocio.
2. Dada una categoría con el mismo nombre y padre, cuando la creo de nuevo, entonces responde 409.
3. Dada una categoría con productos, cuando intento eliminarla, entonces responde 409 y me pide moverlos primero.
4. Dada una subcategoría, cuando la creo, entonces hereda los atributos de su padre marcados como heredables.",
HU-027,Definir los atributos que exige cada categoría,E03,Inventario · catálogo del patrón Venta directa,administrador del negocio,decidir qué campos extra pide un producto según su categoría,que una droguería exija lote y vencimiento sin que nadie programe nada,8,servicio-inventario,inventario,atributos_categoria,design/pantallas/CategoriasWeb.html,HU-026,"inventario, backend, flutter, clave","1. Dada una categoría, cuando defino un atributo, entonces elijo su tipo entre TEXTO, NUMERO, DECIMAL, FECHA, BOOLEANO, LISTA y MULTILISTA.
2. Dado un atributo de tipo LISTA, cuando lo guardo sin opciones, entonces responde 422.
3. Dado un atributo marcado obligatorio, cuando ya existen productos sin ese valor, entonces se me advierte y los existentes conservan lo que tienen.
4. Dado un `nombre_campo` repetido en la misma categoría, cuando lo creo, entonces responde 409.
5. Dado un atributo con validación de rango, cuando un producto se sale del rango, entonces el guardado del producto falla con 422.","Esta es la historia que sostiene la tesis del producto: ferretería, papelería y droguería usan las mismas tablas y solo cambian estas filas."
HU-028,Crear producto con validación de atributos dinámicos,E03,Inventario · catálogo del patrón Venta directa,administrador del negocio,crear un producto y que el sistema me exija los campos de su categoría,no tener que pedir un desarrollo cada vez que aparece un tipo de producto nuevo,8,servicio-inventario,inventario,"productos, categorias, atributos_categoria, unidades_medida",design/pantallas/ProductoWeb.html,HU-027,"inventario, backend, flutter, clave","1. Dada la categoría «Medicamentos» que exige `lote` y `fecha_vencimiento`, cuando creo un producto sin ellos, entonces responde 422 nombrando los campos que faltan.
2. Dado un producto válido, cuando lo guardo, entonces sus atributos quedan en la columna JSONB `atributos` y no en columnas nuevas.
3. Dado un SKU repetido en mi negocio, cuando lo guardo, entonces responde 409.
4. Dado un código de barras repetido, cuando lo guardo, entonces responde 409 — pero dos productos sin código de barras conviven sin problema.
5. Dado un producto marcado `perecedero`, cuando lo guardo sin `maneja_lotes`, entonces el CHECK de la base lo rechaza.
6. Dado un atributo de tipo NUMERO, cuando envío texto, entonces responde 422.",
HU-029,Bodegas y existencias por producto y bodega,E03,Inventario · catálogo del patrón Venta directa,administrador del negocio,saber cuánto tengo de cada producto en cada bodega,no vender lo que está en otra sede o ya está apartado,5,servicio-inventario,inventario,"bodegas, existencias",design/pantallas/InventarioWeb.html,HU-028,"inventario, backend, clave","1. Dado un producto en tres bodegas, cuando consulto su stock, entonces veo la cantidad por bodega y el total.
2. Dada una existencia, cuando consulto `cantidad_disponible`, entonces es `cantidad - cantidad_reservada` calculada por la base, no por la app.
3. Dado un negocio nuevo, cuando se crea, entonces tiene una bodega principal por defecto.
4. Dada una bodega con existencias, cuando intento eliminarla, entonces responde 409.","El stock es `(producto, bodega)`, no una columna de `productos`. Es la corrección más importante sobre el diseño original: moverlo después obliga a reescribir todas las consultas de venta."
HU-030,Libro mayor de movimientos de inventario,E03,Inventario · catálogo del patrón Venta directa,auditor,que todo cambio de stock quede registrado y no se pueda alterar,poder explicar cualquier descuadre sin adivinar,8,servicio-inventario,—,"movimientos_inventario, existencias",—,HU-029,"inventario, backend, clave","1. Dado cualquier cambio de stock, cuando ocurre, entonces se inserta un movimiento con tipo, signo, cantidad, saldo posterior, origen y usuario.
2. Dado un movimiento ya insertado, cuando alguien intenta actualizarlo o borrarlo, entonces la operación se rechaza — la tabla es append-only.
3. Dado el mismo evento entregado dos veces, cuando llega el duplicado, entonces choca contra `UNIQUE(negocio_id, idempotency_key)` y el stock no se descuenta dos veces.
4. Dado el libro completo, cuando sumo los movimientos de un producto en una bodega, entonces el resultado coincide exactamente con `existencias.cantidad`.
5. Dado un error de registro, cuando hay que corregirlo, entonces se hace con un movimiento contrario, no editando el original.",
HU-031,Lotes y fechas de vencimiento,E03,Inventario · catálogo del patrón Venta directa,administrador de droguería,controlar lotes con su fecha de vencimiento,cumplir la norma sanitaria y no vender producto vencido,5,servicio-inventario,inventario,"lotes, existencias_lote",—,HU-030,"inventario, backend","1. Dado un producto que maneja lotes, cuando entra mercancía, entonces se exige el código de lote.
2. Dado un lote, cuando consulto su existencia, entonces la veo desglosada por bodega.
3. Dado un producto perecedero, cuando se vende, entonces el sistema sugiere el lote de vencimiento más próximo (FEFO).
4. Dado un lote vencido, cuando intento venderlo, entonces se bloquea salvo autorización explícita, y esa autorización queda registrada.",
HU-032,Traslados entre bodegas,E03,Inventario · catálogo del patrón Venta directa,administrador del negocio,mover mercancía de una bodega a otra con trazabilidad,que lo que sale de una sede y aún no llega a la otra no desaparezca del inventario,5,servicio-inventario,inventario,"traslados, traslado_lineas, movimientos_inventario",—,HU-030,"inventario, backend","1. Dado un traslado en estado `EN_TRANSITO`, cuando consulto el inventario, entonces la mercancía figura en la bodega de tránsito, no perdida.
2. Dado un traslado, cuando lo recibo, entonces se generan dos movimientos: salida de origen y entrada en destino.
3. Dada una cantidad recibida mayor que la enviada, cuando la registro, entonces se rechaza.
4. Dado un traslado con bodega origen igual a la destino, cuando lo creo, entonces se rechaza.",
HU-033,Ajustes de inventario con motivo,E03,Inventario · catálogo del patrón Venta directa,administrador del negocio,ajustar el stock tras un conteo físico o una avería,"que el sistema refleje lo que hay de verdad, con constancia de por qué cambió",5,servicio-inventario,inventario,"ajustes_inventario, ajuste_lineas, movimientos_inventario",—,HU-030,"inventario, backend","1. Dado un ajuste por conteo físico, cuando lo cargo, entonces registro cantidad de sistema y cantidad física, y la diferencia se calcula sola.
2. Dado un ajuste en borrador, cuando lo aplico, entonces se generan los movimientos y ya no se puede editar.
3. Dado un ajuste sin motivo, cuando intento aplicarlo, entonces responde 422.
4. Dado un ajuste aplicado, cuando reviso la auditoría, entonces consta quién lo hizo y quién lo aprobó.",
HU-034,Reserva y liberación de stock para la saga de ventas,E03,Inventario · catálogo del patrón Venta directa,arquitecto,que Inventario pueda apartar stock temporalmente y liberarlo si la venta no se concreta,que dos cajas no vendan la última unidad al mismo tiempo,8,servicio-inventario,—,"reservas_stock, existencias",—,HU-030,"inventario, backend, eventos, clave","1. Dado un evento `solicitar_reserva_stock` con stock suficiente, cuando llega, entonces se crea la reserva, sube `cantidad_reservada` y se publica `stock_reservado`.
2. Dado stock insuficiente, cuando llega la solicitud, entonces se publica `stock_reserva_fallida` con el detalle de qué faltó.
3. Dada una reserva que expira sin confirmarse, cuando pasa el tiempo, entonces un job la libera y `cantidad_reservada` baja.
4. Dadas dos solicitudes concurrentes por la última unidad, cuando llegan a la vez, entonces solo una obtiene la reserva.
5. Dada una reserva confirmada, cuando llega `venta_completada`, entonces se convierte en salida real y se registra el movimiento.","Sin la expiración, si Ventas muere entre la solicitud y la confirmación, el stock queda bloqueado para siempre."
HU-035,Búsqueda de productos y escaneo de código de barras,E03,Inventario · catálogo del patrón Venta directa,vendedor,"encontrar un producto por nombre, SKU o escaneando su código",no demorar la venta buscando en una lista larga,5,—,inventario,"productos, producto_codigos",design/pantallas/InventarioMovil.html,HU-028,"inventario, flutter","1. Dado el buscador, cuando escribo tres caracteres, entonces filtra por nombre, SKU o código de barras.
2. Dado un celular Android, cuando uso el escáner, entonces al leer un código válido abre el producto directamente.
3. Dado el navegador, cuando el acceso a la cámara falla o no está disponible, entonces siempre hay captura manual del código como alternativa.
4. Dado un código de barras alterno (caja de 12), cuando lo escaneo, entonces se resuelve al producto con su factor de conversión.",
HU-036,Listas de precios y precios por volumen,E03,Inventario · catálogo del patrón Venta directa,administrador del negocio,manejar precios distintos por lista de precios y por cantidad,poder vender al mayorista a otro precio sin duplicar el catálogo,5,servicio-inventario,inventario,"listas_precios, precios_producto",—,HU-028,"inventario, backend","1. Dado un cliente con lista de precios asignada, cuando lo selecciono en una venta, entonces los precios cambian solos.
2. Dado un precio por volumen desde 12 unidades, cuando vendo 15, entonces aplica ese precio.
3. Dada una lista con vigencia vencida, cuando intento usarla, entonces no aparece entre las opciones.
4. Dado un descuento mayor al máximo permitido de la lista, cuando lo aplico, entonces se rechaza.",
HU-037,Crear una venta en borrador con sus líneas,E04,Ventas · transacción del patrón Venta directa,vendedor,armar una venta agregando productos con su cantidad y precio,poder cobrar lo que el cliente lleva,8,servicio-ventas,ventas,"ventas, venta_lineas, consecutivos",design/pantallas/POSWeb.html,"HU-028, HU-036","ventas, backend, clave","1. Dado un producto agregado, cuando se crea la línea, entonces guarda copia del SKU, nombre, precio, impuesto y costo del momento.
2. Dado que mañana cambia el precio del producto, cuando reimprimo esta venta, entonces muestra el precio de hoy.
3. Dada una línea, cuando cambio la cantidad, entonces los totales de la venta se recalculan y se persisten.
4. Dado un número de venta, cuando se asigna, entonces es consecutivo dentro de mi negocio y no choca con el de otro negocio.
5. Dada una venta confirmada, cuando intento editar sus líneas, entonces responde 409.","Los snapshots en la línea son la defensa contra corromper el histórico: si la línea solo guardara `producto_id`, subir un precio mañana cambiaría el total de las ventas de ayer."
HU-038,Saga de confirmación de venta con reserva de stock,E04,Ventas · transacción del patrón Venta directa,arquitecto,que confirmar una venta reserve el stock y compense si no alcanza,que no exista una venta confirmada sin stock descontado ni stock descontado sin venta,13,servicio-ventas,—,"ventas, sagas, outbox_eventos",—,"HU-035, HU-037","ventas, backend, eventos, clave","1. Dada una venta en borrador, cuando la confirmo, entonces pasa a `PENDIENTE_STOCK` y se publica `solicitar_reserva_stock` en la misma transacción.
2. Dado `stock_reservado`, cuando llega, entonces la venta pasa a `CONFIRMADA` y se publica `venta_completada`.
3. Dado `stock_reserva_fallida`, cuando llega, entonces la venta vuelve a `BORRADOR` con el motivo y la saga queda `COMPENSADA`.
4. Dada una saga sin respuesta pasado su timeout, cuando el job la revisa, entonces la compensa igual que si hubiera fallado.
5. Dado que el servicio se reinicia con sagas en curso, cuando vuelve, entonces las retoma desde su estado persistido.",No hay `@Transactional` que cubra dos servicios. Este es el mecanismo que lo reemplaza.
HU-039,"Registrar el pago de una venta, incluso mixto",E04,Ventas · transacción del patrón Venta directa,cajero,cobrar una venta con uno o varios medios de pago,poder aceptar que alguien pague una parte en efectivo y otra con tarjeta,5,servicio-ventas,ventas,"pagos_venta, ventas",design/pantallas/CobroWeb.html,HU-037,"ventas, backend, flutter","1. Dada una venta, cuando registro pagos por menos del total, entonces no se puede cerrar.
2. Dado un pago en efectivo mayor al total, cuando lo registro, entonces se calcula y muestra el cambio.
3. Dados dos medios de pago que suman el total, cuando los registro, entonces la venta queda pagada.
4. Dado un pago a crédito, cuando lo registro, entonces se valida el cupo del cliente y se crea la cuenta por cobrar.
5. Dado un pago con tarjeta, cuando lo registro, entonces guardo la referencia del voucher y la franquicia.",
HU-040,Venta a crédito con validación de cupo,E04,Ventas · transacción del patrón Venta directa,vendedor,vender a plazo a un cliente con cupo aprobado,no perder la venta del cliente habitual que paga a 30 días,5,servicio-ventas,ventas,"ventas, pagos_venta",—,"HU-022, HU-039","ventas, backend","1. Dado un cliente sin crédito habilitado, cuando intento venderle a plazo, entonces se rechaza.
2. Dado un cliente cuyo saldo más esta venta supera su cupo, cuando confirmo, entonces se rechaza indicando cuánto se excede.
3. Dada una venta a crédito confirmada, cuando se publica el evento, entonces Clientes crea la cuenta por cobrar con su fecha de vencimiento.
4. Dado un cliente con cartera vencida, cuando intento venderle a crédito, entonces se advierte y se exige autorización de un rol superior.",
HU-041,Anular una venta con reintegro de stock,E04,Ventas · transacción del patrón Venta directa,administrador del negocio,anular una venta mal registrada,corregir un error sin que el inventario quede mal,5,servicio-ventas,ventas,"ventas, movimientos_inventario",—,HU-037,"ventas, backend","1. Dada una venta confirmada, cuando la anulo con motivo, entonces pasa a `ANULADA` y se publica `venta_anulada`.
2. Dado ese evento, cuando lo consume Inventario, entonces reintegra el stock con un movimiento de entrada.
3. Dada una venta ya facturada electrónicamente, cuando intento anularla, entonces se rechaza y se indica que debe emitirse una nota crédito.
4. Dada una venta anulada, cuando la consulto, entonces consta quién la anuló, cuándo y por qué.",
HU-042,Devoluciones totales y parciales,E04,Ventas · transacción del patrón Venta directa,vendedor,recibir la devolución de parte de una venta,atender al cliente que devuelve solo uno de los productos que llevó,5,servicio-ventas,ventas,"devoluciones, devolucion_lineas, venta_lineas",—,HU-041,"ventas, backend, flutter","1. Dada una venta de 10 unidades, cuando devuelvo 3, entonces la venta queda `DEVUELTA_PARCIAL` y la línea registra 3 devueltas.
2. Dado que ya devolví 3 de 10, cuando intento devolver 8 más, entonces se rechaza.
3. Dada una devolución con reintegro de stock, cuando la confirmo, entonces la mercancía vuelve a la bodega indicada.
4. Dada una devolución de producto defectuoso, cuando marco que no reintegra, entonces el stock no sube y queda constancia del motivo.
5. Dada una devolución sobre una venta facturada, cuando la confirmo, entonces se dispara la emisión de la nota crédito.",
HU-043,Sincronización de ventas creadas sin conexión,E04,Ventas · transacción del patrón Venta directa,vendedor en ruta,registrar ventas sin señal y que suban solas al recuperar conexión,no perder la venta ni tener que volver a digitarla,8,servicio-ventas,ventas,"ventas, operaciones_sync",—,"HU-038, HU-111","ventas, backend, flutter, clave","1. Dado que no hay conexión, cuando registro una venta, entonces se guarda localmente con su propio UUID y queda en la cola.
2. Dado que vuelve la conexión, cuando el proceso de fondo sube la cola, entonces las ventas se crean en el servidor en el orden en que ocurrieron.
3. Dado un reintento de subida de la misma venta, cuando llega, entonces choca contra `UNIQUE(negocio_id, origen_offline_id)` y devuelve la venta ya creada en vez de duplicarla.
4. Dada una venta offline cuyo stock ya no alcanza al sincronizar, cuando se procesa, entonces queda marcada como conflicto y se avisa al vendedor.
5. Dado el celular sin batería a mitad de la cola, cuando vuelve a encender, entonces la cola continúa donde quedó.",Por esto toda PK es UUID y no `BIGSERIAL`: el cliente tiene que poder crear la venta y referenciarla localmente antes de hablar con el servidor.
HU-044,Cotizaciones que se convierten en venta,E04,Ventas · transacción del patrón Venta directa,vendedor,hacer una cotización y luego convertirla en venta,no volver a digitar todo cuando el cliente acepta,3,servicio-ventas,ventas,"cotizaciones, ventas",—,HU-036,"ventas, backend","1. Dada una cotización, cuando la convierto, entonces se crea una venta en borrador con las mismas líneas.
2. Dada una cotización vencida, cuando intento convertirla, entonces se advierte que los precios pueden haber cambiado.
3. Dada una cotización convertida, cuando la consulto, entonces está enlazada a la venta resultante.",
HU-045,Pantalla de POS en móvil y en web,E04,Ventas · transacción del patrón Venta directa,vendedor,armar y cobrar una venta desde el celular o desde el computador,atender igual de rápido en el mostrador y en la oficina,8,—,ventas,"ventas, venta_lineas, productos, existencias",design/pantallas/POSMovil.html,"HU-037, HU-035","ventas, flutter","1. Dado el celular, cuando abro el POS, entonces el buscador y el escáner están al alcance del pulgar y los botones miden al menos 44 px.
2. Dado el navegador, cuando abro el POS, entonces veo la rejilla de productos y el carrito en un panel lateral al mismo tiempo.
3. Dado un producto sin stock, cuando lo agrego, entonces se advierte antes de confirmar, no después.
4. Dado que es la misma pantalla, cuando reviso el código, entonces hay un solo widget que se adapta con `LayoutBuilder`, no dos.",
HU-046,Administrar proveedores,E05,Compras y proveedores,administrador del negocio,registrar mis proveedores con sus condiciones,saber a quién comprarle y con qué plazo,3,servicio-compras,compras,"proveedores, proveedor_productos",—,HU-011,"compras, backend, flutter","1. Dado un proveedor con documento repetido, cuando lo creo, entonces responde 409.
2. Dado un proveedor, cuando le asocio productos con su código y costo, entonces al crear una orden esos costos se sugieren solos.
3. Dado un proveedor marcado preferido para un producto, cuando genero una sugerencia de compra, entonces aparece primero.",
HU-047,Órdenes de compra con aprobación,E05,Compras y proveedores,administrador del negocio,crear órdenes de compra y aprobarlas antes de enviarlas,controlar el gasto antes de comprometerlo,5,servicio-compras,compras,"ordenes_compra, orden_compra_lineas",—,HU-046,"compras, backend, flutter","1. Dada una orden en borrador, cuando la apruebo, entonces queda registrado quién aprobó y cuándo.
2. Dado un usuario sin permiso de aprobación, cuando intenta aprobar, entonces responde 403.
3. Dada una orden aprobada, cuando intento editar sus líneas, entonces responde 409.
4. Dada una orden, cuando la consulto, entonces veo cuánto se ha recibido de cada línea y cuánto falta.",
HU-048,Recepción de mercancía con captura de lotes,E05,Compras y proveedores,bodeguero,recibir la mercancía de una orden y capturar lote y vencimiento donde aplique,"que el inventario refleje lo que llegó de verdad, con su trazabilidad sanitaria",8,servicio-compras,compras,"recepciones, recepcion_lineas, ordenes_compra",design/pantallas/RecepcionWeb.html,"HU-047, HU-031","compras, backend, flutter, clave","1. Dado un producto cuya categoría exige lote, cuando lo recibo sin capturarlo, entonces responde 422.
2. Dado un producto que no maneja lotes, cuando lo recibo, entonces los campos de lote no aparecen.
3. Dada una recepción confirmada, cuando se publica `recepcion_registrada`, entonces Inventario da entrada y recalcula el costo promedio ponderado.
4. Dada una cantidad recibida mayor a la pedida más el 5% de tolerancia, cuando la registro, entonces se rechaza.
5. Dada una recepción parcial, cuando la confirmo, entonces la orden queda en estado `PARCIAL` y admite otra recepción.
6. Dada una recepción confirmada, cuando se crea la cuenta por pagar, entonces toma la fecha de vencimiento del plazo del proveedor.","El lote se captura al recibir, no en la ficha del producto: el mismo medicamento entra con lotes distintos cada semana."
HU-049,Cuentas por pagar y pagos a proveedores,E05,Compras y proveedores,administrador del negocio,llevar lo que le debo a cada proveedor y registrar los pagos,no quedar mal con un proveedor por olvido,5,servicio-compras,compras,"cuentas_por_pagar, pagos_proveedor",—,HU-048,"compras, backend","1. Dada una recepción confirmada, cuando se registra la factura del proveedor, entonces se crea la cuenta por pagar con su vencimiento.
2. Dado un pago parcial, cuando lo registro, entonces el saldo baja y el estado pasa a `PARCIAL`.
3. Dada una cuenta vencida, cuando consulto el listado, entonces aparece marcada y ordenada por antigüedad.
4. Dado un número de factura repetido para el mismo proveedor, cuando lo registro, entonces responde 409.",
HU-050,Sugerencia de compra a partir de stock bajo mínimo,E05,Compras y proveedores,administrador del negocio,que el sistema me sugiera qué reponer,no descubrir que se acabó algo cuando el cliente ya lo está pidiendo,5,servicio-compras,compras,"proveedor_productos, ordenes_compra",—,"HU-046, HU-093","compras, backend","1. Dado un evento `stock_bajo_minimo`, cuando lo consume Compras, entonces el producto entra a la lista de sugerencias.
2. Dada la lista de sugerencias, cuando la genero, entonces agrupa por proveedor preferido y calcula la cantidad hasta el stock máximo.
3. Dada una sugerencia, cuando la acepto, entonces se crea una orden de compra en borrador con esas líneas.
4. Dado un producto sin proveedor asociado, cuando aparece en la sugerencia, entonces se marca para que se le asigne uno.",
HU-051,Recepción desde el celular en la bodega,E05,Compras y proveedores,bodeguero,"recibir mercancía desde el celular, parado junto a las cajas",no tener que anotar en papel y digitar después,5,—,compras,"recepciones, recepcion_lineas",design/pantallas/RecepcionMovil.html,HU-048,"compras, flutter","1. Dado el celular, cuando abro la orden, entonces veo las líneas con la cantidad pedida y campos grandes para la recibida.
2. Dado un producto con lote, cuando llego a esa línea, entonces aparecen los campos de lote y vencimiento con teclado numérico.
3. Dado que escaneo el código del producto, cuando lo leo, entonces salta a esa línea de la orden.
4. Dado que no hay señal en la bodega, cuando registro la recepción, entonces se guarda local y sube después.",
HU-052,Administrar resoluciones de numeración DIAN,E06,Facturación electrónica DIAN,administrador del negocio,cargar mis resoluciones de facturación con su rango,poder facturar legalmente y saber cuándo se me está agotando el rango,5,servicio-facturacion,facturacion,resoluciones,—,HU-018,"facturacion, backend","1. Dada una resolución, cuando la cargo, entonces registro número, prefijo, rango, clave técnica y vigencia.
2. Dado un rango con `hasta` menor que `desde`, cuando lo guardo, entonces se rechaza.
3. Dada una resolución vigente del mismo tipo y sucursal, cuando activo otra, entonces se rechaza — solo puede haber una.
4. Dada una resolución con menos del 10% del rango disponible, cuando se emite una factura, entonces se genera una alerta.
5. Dada una resolución vencida, cuando intento facturar con ella, entonces se rechaza.",
HU-053,Emitir factura desde cualquiera de los tres patrones,E06,Facturación electrónica DIAN,arquitecto,"que Facturación emita a partir de una venta, una estancia o una comanda",no tener que reescribir el servicio cuando se activa otro patrón,13,servicio-facturacion,—,"facturas, factura_lineas, factura_impuestos, resoluciones",design/pantallas/FacturaWeb.html,"HU-054, HU-038","facturacion, backend, eventos, clave","1. Dado `venta_completada`, cuando llega, entonces se emite la factura con origen `VENTA`.
2. Dado `estancia_finalizada`, cuando llega, entonces se emite con origen `RESERVA` sin cambiar el código del servicio.
3. Dado `pedido_completado`, cuando llega, entonces se emite con origen `COMANDA`.
4. Dado el mismo evento entregado dos veces, cuando llega el duplicado, entonces no se emite una segunda factura para el mismo documento origen.
5. Dada la emisión, cuando se guarda, entonces `emisor_snapshot` y `cliente_snapshot` quedan congelados en JSONB.
6. Dado que mañana cambian los datos del cliente, cuando reimprimo la factura, entonces muestra los datos de la fecha de emisión.","Por eso `origen_tipo` + `origen_id` es polimórfico y no una FK a `ventas`: con tres patrones, «Facturación depende de Ventas» deja de ser cierto."
HU-054,Asignación del consecutivo dentro del rango autorizado,E06,Facturación electrónica DIAN,contador,que la numeración sea continua y no se salga del rango,que la DIAN no rechace la facturación por huecos o números fuera de rango,8,servicio-facturacion,—,"resoluciones, facturas",—,HU-052,"facturacion, backend, clave","1. Dada una emisión, cuando se asigna el número, entonces se toma con bloqueo sobre la resolución dentro de la transacción.
2. Dadas dos emisiones concurrentes, cuando ocurren a la vez, entonces reciben números distintos y consecutivos, sin huecos.
3. Dado el último número del rango, cuando se emite, entonces la resolución pasa a `AGOTADA` y las siguientes emisiones se rechazan.
4. Dado un rollback de la transacción, cuando ocurre, entonces el consecutivo no se consume.",Un `BIGSERIAL` no sirve: deja huecos ante cualquier rollback y no conoce el rango autorizado.
HU-055,Firma digital y transmisión a la DIAN,E06,Facturación electrónica DIAN,contador,"que la factura se firme y se transmita, y quede constancia de la respuesta",poder demostrar qué se envió y qué respondieron,13,servicio-facturacion,—,"facturas, transmisiones, certificados",—,HU-053,"facturacion, backend, seguridad","1. Dada una factura generada, cuando se firma, entonces se calcula el CUFE y se guarda el XML firmado en almacenamiento externo, no en la base.
2. Dada la transmisión, cuando responde la DIAN, entonces queda el request y el response completos en `transmisiones`.
3. Dado un rechazo, cuando llega, entonces la factura queda `RECHAZADA` con el código de error y se genera una alerta.
4. Dado un fallo de red, cuando ocurre, entonces se reintenta con backoff y no se pierde la factura.
5. Dado un certificado por vencer en menos de 30 días, cuando se revisa, entonces se alerta.
6. Dado el archivo `.p12`, cuando reviso dónde está, entonces está en un gestor de secretos y en la base solo queda la referencia.",
HU-056,Notas crédito,E06,Facturación electrónica DIAN,contador,emitir una nota crédito contra una factura,poder anular o corregir legalmente una factura ya aceptada,8,servicio-facturacion,facturacion,"facturas, factura_lineas",—,HU-055,"facturacion, backend","1. Dada una factura aceptada, cuando emito una nota crédito, entonces queda referenciada a la factura origen con su código de motivo DIAN.
2. Dada una nota crédito sin factura origen, cuando intento emitirla, entonces el CHECK de la base lo rechaza.
3. Dado un evento `devolucion_registrada`, cuando llega, entonces se emite la nota crédito por el monto devuelto.
4. Dada una nota crédito emitida, cuando consulto la factura origen, entonces se ve enlazada.",Una factura emitida no se edita ni se borra: se anula con una nota crédito que la referencia.
HU-057,Modo de contingencia cuando la DIAN no responde,E06,Facturación electrónica DIAN,contador,poder seguir facturando cuando el servicio de la DIAN está caído,no tener que cerrar el negocio porque un tercero falló,5,servicio-facturacion,—,"contingencias, facturas",—,HU-055,"facturacion, backend","1. Dado que la DIAN no responde tras los reintentos, cuando se supera el umbral, entonces se abre una contingencia y se avisa.
2. Dada una contingencia abierta, cuando se emite una factura, entonces se marca `CONTINGENCIA` y se entrega al cliente.
3. Dado que la DIAN vuelve, cuando se cierra la contingencia, entonces las facturas pendientes se transmiten en orden.
4. Dada la contingencia, cuando la consulto, entonces sé cuántas facturas quedaron afectadas.",
HU-058,Consulta y envío de facturas al cliente,E06,Facturación electrónica DIAN,cajero,"ver una factura emitida, imprimirla y enviarla por correo",entregarle al cliente su comprobante como lo pida,5,—,facturacion,"facturas, transmisiones",design/pantallas/FacturaMovil.html,HU-053,"facturacion, flutter","1. Dada una factura, cuando la abro, entonces veo emisor, adquiriente, líneas, impuestos, CUFE, QR y su trazabilidad.
2. Dada una factura aceptada, cuando la envío por correo, entonces se adjuntan el PDF y el XML.
3. Dado el celular, cuando la abro, entonces el CUFE se ve completo y se puede copiar.
4. Dada una factura rechazada, cuando la abro, entonces el motivo del rechazo está visible sin tener que buscarlo.",
HU-059,Abrir y cerrar sesión de caja,E07,Caja y POS,cajero,abrir mi caja con una base y cerrarla declarando lo que conté,que quede claro de quién es la responsabilidad del efectivo del turno,5,servicio-caja,ventas,"cajas, sesiones_caja",design/pantallas/CobroWeb.html,HU-018,"caja, backend, flutter","1. Dada una caja con una sesión abierta, cuando intento abrir otra, entonces se rechaza — solo una a la vez.
2. Dada la apertura, cuando declaro el monto base, entonces se registra como primer movimiento.
3. Dado el cierre, cuando declaro lo contado, entonces el sistema calcula la diferencia contra lo esperado.
4. Dada una diferencia distinta de cero, cuando cierro, entonces la sesión queda `DESCUADRADA` y se publica `caja_descuadrada`.
5. Dada una sesión abierta, cuando el cajero intenta salir sin cerrarla, entonces se le advierte.",
HU-060,Movimientos de caja desde los tres patrones,E07,Caja y POS,cajero,que todo cobro entre a mi caja sin importar de dónde venga,que el arqueo cuadre aunque el negocio sea un restaurante o un hotel,5,servicio-caja,—,"movimientos_caja, sesiones_caja",—,HU-059,"caja, backend, eventos","1. Dado `venta_completada`, cuando llega, entonces se registra el movimiento en la sesión de caja indicada.
2. Dado `pedido_completado`, cuando llega, entonces se registra igual, con origen `COMANDA`.
3. Dada una reserva con anticipo, cuando se cobra, entonces entra a la caja con origen `RESERVA`.
4. Dado el mismo evento entregado dos veces, cuando llega el duplicado, entonces la clave de idempotencia impide el doble registro.",Caja no vive dentro de Ventas justamente por esto: los tres patrones cobran.
HU-061,"Ingresos, retiros y gastos de caja",E07,Caja y POS,cajero,registrar retiros de efectivo y gastos menores,que el arqueo cuadre cuando saco plata para consignar,3,servicio-caja,ventas,movimientos_caja,—,HU-059,"caja, backend, flutter","1. Dado un retiro, cuando lo registro, entonces exige concepto y baja el efectivo esperado.
2. Dado un retiro por encima de un monto configurado, cuando lo registro, entonces exige autorización de un rol superior y queda quién autorizó.
3. Dado un ingreso, cuando lo registro, entonces sube el efectivo esperado con su concepto.",
HU-062,Arqueo por denominaciones,E07,Caja y POS,cajero,contar el efectivo por billetes y monedas al cerrar,no equivocarme sumando de cabeza,3,servicio-caja,ventas,"arqueo_denominaciones, sesiones_caja",design/pantallas/CobroWeb.html,HU-059,"caja, backend, flutter","1. Dado el cierre, cuando ingreso la cantidad de cada denominación, entonces el total se calcula solo.
2. Dado el total contado, cuando lo comparo con lo esperado, entonces la diferencia se muestra en el momento, antes de confirmar.
3. Dada una denominación repetida, cuando la ingreso, entonces se rechaza.",
HU-063,Reporte de cierre de caja,E07,Caja y POS,gerente,ver el resumen del turno de cada caja,saber si hubo descuadres y de quién fue el turno,3,servicio-caja,reportes,"sesiones_caja, movimientos_caja",—,HU-062,"caja, backend, flutter","1. Dada una sesión cerrada, cuando consulto su reporte, entonces veo totales por medio de pago, movimientos y diferencia.
2. Dado un rango de fechas, cuando consulto, entonces veo todas las sesiones con su estado.
3. Dada una sesión descuadrada, cuando la reviso, entonces destaca visualmente frente a las cuadradas.",
HU-064,Tipos de recurso con atributos configurables,E08,Recursos · catálogo del patrón Reserva,administrador del hotel,definir mis tipos de recurso y qué campos describe cada uno,"que una habitación, una cancha y un consultorio usen el mismo sistema",5,servicio-recursos,recursos,"tipos_recurso, atributos_tipo_recurso",design/pantallas/RecursoWeb.html,HU-011,"recursos, backend, flutter","1. Dado un tipo de recurso, cuando defino sus atributos, entonces funcionan igual que los de categoría en Inventario.
2. Dado un tipo, cuando defino su unidad de tiempo, entonces elijo entre MINUTO, HORA, NOCHE, DIA y SESION.
3. Dado un tipo con buffer de limpieza, cuando se calcula la disponibilidad, entonces ese tiempo se descuenta entre reservas.
4. Dado un atributo obligatorio, cuando creo un recurso sin él, entonces responde 422.","Espejo exacto de `categorias` + `atributos_categoria`. La misma técnica, otro patrón."
HU-065,Administrar recursos individuales,E08,Recursos · catálogo del patrón Reserva,administrador del hotel,"dar de alta cada habitación, cancha o consultorio",poder reservarlos uno por uno,3,servicio-recursos,recursos,recursos,design/pantallas/RecursoWeb.html,HU-064,"recursos, backend, flutter","1. Dado un código repetido en mi negocio, cuando creo el recurso, entonces responde 409.
2. Dado un recurso, cuando cambio su estado a MANTENIMIENTO, entonces deja de aparecer como disponible.
3. Dado un recurso con reservas futuras, cuando intento eliminarlo, entonces responde 409.
4. Dados sus atributos, cuando los guardo, entonces quedan en el JSONB `atributos` validados contra su tipo.",
HU-066,"Tarifas por temporada, día y franja con prioridad",E08,Recursos · catálogo del patrón Reserva,administrador del hotel,definir tarifas distintas por temporada y día de la semana,cobrar distinto un martes de mayo que un sábado de diciembre,8,servicio-recursos,recursos,tarifas,design/pantallas/TarifasWeb.html,HU-064,"recursos, backend, flutter","1. Dadas varias tarifas que aplican a la misma noche, cuando se calcula el precio, entonces gana la de mayor prioridad.
2. Dada una tarifa con vigencia de fechas, cuando la noche está fuera del rango, entonces no aplica.
3. Dada una tarifa restringida a viernes, sábado y domingo, cuando la noche es un martes, entonces no aplica.
4. Dada una estancia de tres noches con tarifas distintas por noche, cuando se cotiza, entonces cada noche se cobra a su tarifa.
5. Dada una tarifa con estancia mínima de dos noches, cuando se reserva una sola, entonces no aplica.",La prioridad evita obligar al negocio a ordenar o borrar tarifas: un puente festivo se define una vez con prioridad alta y pisa a las demás sin tocarlas.
HU-067,Bloqueos de recurso por mantenimiento,E08,Recursos · catálogo del patrón Reserva,administrador del hotel,bloquear un recurso por un periodo,que no se reserve una habitación que está en obra,5,servicio-recursos,recursos,bloqueos_recurso,—,HU-065,"recursos, backend","1. Dado un bloqueo, cuando lo creo, entonces el recurso no aparece disponible en ese periodo.
2. Dados dos bloqueos del mismo recurso que se solapan, cuando creo el segundo, entonces PostgreSQL lo rechaza por el constraint de exclusión.
3. Dado un bloqueo sobre un periodo con reservas confirmadas, cuando lo creo, entonces se advierte y se listan las reservas afectadas.",
HU-068,Servicios adicionales y políticas de cancelación,E08,Recursos · catálogo del patrón Reserva,administrador del hotel,"ofrecer desayuno, parqueadero y demás, y fijar mis políticas de cancelación",cobrar los extras y saber cuánto retengo si cancelan,3,servicio-recursos,recursos,"servicios_adicionales, politicas_cancelacion",design/pantallas/TarifasWeb.html,HU-064,"recursos, backend, flutter","1. Dado un servicio con modo de cobro por persona por noche, cuando se agrega a una reserva de 2 personas y 3 noches, entonces se cobran 6 unidades.
2. Dado un servicio enlazado a un producto de inventario, cuando se consume, entonces descuenta stock.
3. Dada una política de cancelación, cuando se aplica, entonces define el anticipo requerido y la penalización.",
HU-069,Consultar disponibilidad en un periodo,E09,Reservas · transacción del patrón Reserva,recepcionista,ver qué recursos están libres entre dos fechas,poder responderle al cliente que llama preguntando si hay,8,servicio-reservas,reservas,"reservas, recursos, bloqueos_recurso",design/pantallas/CalendarioWeb.html,"HU-065, HU-067","reservas, backend","1. Dado un periodo, cuando consulto disponibilidad, entonces excluyo los recursos con reservas solapadas y con bloqueos.
2. Dada una reserva `CANCELADA` o `NO_SHOW` en ese periodo, cuando consulto, entonces el recurso sí aparece libre.
3. Dado un check-out a las 11:00, cuando consulto disponibilidad desde las 11:00 del mismo día, entonces el recurso aparece libre.
4. Dado un tipo de recurso con buffer de limpieza, cuando consulto, entonces el buffer se respeta.
5. Dado un hotel de 200 habitaciones y 6 meses de reservas, cuando consulto un mes, entonces responde en menos de 500 ms.",
HU-070,Crear una reserva sin posibilidad de overbooking,E09,Reservas · transacción del patrón Reserva,recepcionista,reservar un recurso para un periodo,vender la habitación con la certeza de que no está vendida ya,13,servicio-reservas,reservas,"reservas, tarifas, politicas_cancelacion",design/pantallas/NuevaReservaWeb.html,"HU-069, HU-066","reservas, backend, clave","1. Dadas dos recepcionistas reservando el mismo recurso y periodo al mismo tiempo, cuando ambas confirman, entonces solo una lo logra y la otra recibe 409.
2. Dado un periodo que se solapa con una reserva CONFIRMADA, cuando intento crearla, entonces PostgreSQL la rechaza por el constraint de exclusión.
3. Dada una reserva que empieza exactamente cuando termina otra, cuando la creo, entonces se permite.
4. Dado el periodo y la tarifa, cuando se cotiza, entonces cada noche toma la tarifa de mayor prioridad que le aplique.
5. Dada la política de cancelación, cuando se crea la reserva, entonces se calcula el anticipo requerido.
6. Dado un periodo con fin anterior o igual al inicio, cuando lo envío, entonces responde 422.",El anti-overbooking NO se valida en Java: un «¿está libre?» seguido de un INSERT tiene ventana de carrera. Lo impide `EXCLUDE USING gist` sobre el periodo `TSTZRANGE`.
HU-071,"Confirmar, cancelar y marcar no-show",E09,Reservas · transacción del patrón Reserva,recepcionista,mover la reserva por sus estados,reflejar lo que de verdad pasó con el huésped,5,servicio-reservas,reservas,"reservas, reserva_eventos, pagos_reserva",—,HU-070,"reservas, backend, flutter","1. Dada una reserva pendiente con anticipo pagado, cuando se confirma, entonces pasa a `CONFIRMADA` y se publica `reserva_confirmada`.
2. Dada una cancelación dentro del plazo de la política, cuando se registra, entonces la penalización es cero.
3. Dada una cancelación fuera de plazo, cuando se registra, entonces se calcula la penalización sobre el total.
4. Dada una reserva cancelada, cuando consulto disponibilidad, entonces el recurso queda libre de inmediato sin borrar el registro.
5. Dado cada cambio de estado, cuando ocurre, entonces queda en `reserva_eventos` con autor y fecha.",
HU-072,Check-in con asignación de recurso,E09,Reservas · transacción del patrón Reserva,recepcionista,hacer el check-in y asignar la habitación concreta,poder vender por tipo y decidir la habitación exacta al llegar el huésped,8,servicio-reservas,reservas,"estancias, reservas, ocupantes",design/pantallas/EstanciaWeb.html,HU-071,"reservas, backend, flutter","1. Dada una reserva sin recurso asignado, cuando hago check-in, entonces asigno uno libre de ese tipo.
2. Dado un recurso ya ocupado, cuando intento asignarlo, entonces el constraint lo rechaza.
3. Dado el check-in, cuando lo registro, entonces se crea la estancia y la reserva pasa a `CHECK_IN`.
4. Dados los ocupantes, cuando los registro, entonces queda el titular identificado con su documento.
5. Dado el check-in, cuando se completa, entonces el recurso pasa a estado `OCUPADO`.",
HU-073,Cargar consumos a la estancia,E09,Reservas · transacción del patrón Reserva,recepcionista,"cargar el minibar, el restaurante y la lavandería a la habitación",que el huésped pague todo junto al salir,5,servicio-reservas,reservas,"consumos_estancia, estancias",design/pantallas/EstanciaWeb.html,HU-072,"reservas, backend, flutter","1. Dada una estancia en curso, cuando cargo un consumo, entonces suma al saldo y queda con su origen y fecha.
2. Dado un consumo enlazado a un producto de inventario, cuando se cierra la estancia, entonces se publica el evento que descuenta stock.
3. Dada una comanda de restaurante, cuando se carga a la habitación, entonces queda enlazada a la estancia por su id.
4. Dada una estancia ya cerrada, cuando intento cargar un consumo, entonces responde 409.",
HU-074,"Check-out, liquidación y cierre de estancia",E09,Reservas · transacción del patrón Reserva,recepcionista,liquidar la cuenta y cerrar la estancia,cobrar todo lo consumido y dejar la habitación lista para el siguiente,8,servicio-reservas,reservas,"estancias, pagos_reserva, consumos_estancia",design/pantallas/EstanciaWeb.html,HU-073,"reservas, backend, flutter","1. Dada la liquidación, cuando la calculo, entonces suma alojamiento, servicios y consumos, y resta el anticipo.
2. Dado el check-out, cuando lo confirmo, entonces se publica `estancia_finalizada` — el evento de cierre equivalente a `venta_completada`.
3. Dado ese evento, cuando lo consume Facturación, entonces emite el documento con origen `RESERVA`.
4. Dado el check-out, cuando se completa, entonces el recurso pasa a estado `LIMPIEZA`, no directamente a disponible.
5. Dado un saldo pendiente, cuando intento cerrar sin cobrarlo, entonces se advierte y se exige confirmación explícita.",
HU-075,Calendario visual de ocupación,E09,Reservas · transacción del patrón Reserva,recepcionista,ver la ocupación de todos los recursos en una línea de tiempo,entender de un vistazo cómo está la semana,8,—,reservas,"reservas, recursos, bloqueos_recurso",design/pantallas/CalendarioWeb.html,HU-069,"reservas, flutter","1. Dado el calendario, cuando lo abro, entonces veo una fila por recurso y una columna por día, con las reservas como barras.
2. Dada una barra, cuando la miro, entonces su color indica el estado de la reserva.
3. Dado el celular, cuando lo abro, entonces veo tres días a la vez y puedo desplazarme.
4. Dado un bloqueo, cuando lo miro, entonces se distingue visualmente de una reserva.
5. Dada una barra, cuando la toco, entonces abro la reserva.",
HU-076,Cartas y categorías de menú por horario,E10,Menú · catálogo del patrón Comanda,administrador del restaurante,tener cartas distintas por franja horaria,no ofrecer desayunos a las ocho de la noche,3,servicio-menu,menu,"cartas, categorias_menu",—,HU-011,"menu, backend, flutter","1. Dada una carta con vigencia de 6:00 a 11:00, cuando abro la app a las 15:00, entonces no aparece entre las disponibles.
2. Dada una carta activa, cuando la consulto, entonces veo sus categorías en el orden definido.
3. Dada una carta con ítems, cuando intento eliminarla, entonces responde 409.",
HU-077,Ítems de menú con estación de cocina,E10,Menú · catálogo del patrón Comanda,administrador del restaurante,cargar los platos con su precio y la estación que los prepara,que cada comanda llegue a la parrilla o a la fría según corresponda,5,servicio-menu,menu,"items_menu, estaciones_cocina",—,HU-076,"menu, backend, flutter","1. Dado un ítem, cuando lo creo, entonces le asigno categoría, precio, estación y tiempo de preparación.
2. Dado un código de ítem repetido, cuando lo creo, entonces responde 409.
3. Dados sus atributos (alérgenos, vegano, picante), cuando los guardo, entonces quedan en el JSONB.
4. Dado un ítem marcado no disponible, cuando el mesero abre la carta, entonces aparece agotado y no se puede pedir.",
HU-078,Modificadores con mínimos y máximos,E10,Menú · catálogo del patrón Comanda,administrador del restaurante,definir opciones y adiciones por plato,poder pedir el término de la carne y cobrar el queso extra,5,servicio-menu,menu,"grupos_modificadores, modificadores, item_grupos_modificadores",design/pantallas/ComandaWeb.html,HU-077,"menu, backend, flutter","1. Dado un grupo obligatorio de mínimo 1, cuando pido el plato sin elegir, entonces se rechaza.
2. Dado un grupo con máximo 5, cuando intento elegir 6, entonces se rechaza.
3. Dado un modificador con precio extra, cuando lo elijo, entonces suma al total de la línea.
4. Dado un grupo con máximo menor que el mínimo, cuando lo creo, entonces el CHECK lo rechaza.",
HU-079,Recetas: el puente entre la comanda y el inventario,E10,Menú · catálogo del patrón Comanda,administrador del restaurante,definir qué insumos consume cada plato,saber cuánta carne me queda sin contarla a mano,8,servicio-menu,menu,"recetas, items_menu",—,"HU-077, HU-029","menu, backend, clave","1. Dado un ítem de menú, cuando defino su receta, entonces asocio productos de inventario con su cantidad y merma.
2. Dada una receta, cuando cambian los costos de los insumos, entonces el costo estimado del ítem se recalcula.
3. Dado el cierre de una comanda, cuando se explotan las líneas contra sus recetas, entonces se publica `insumos_consumidos` con los productos y cantidades.
4. Dado un modificador enlazado a un insumo, cuando se elige, entonces ese insumo también se descuenta.
5. Dado un ítem sin receta, cuando se vende, entonces no descuenta inventario y no falla.",Sin esta historia el patrón Comanda queda desconectado de Inventario y el dueño nunca sabe cuánta carne le queda. Ni el documento original ni el diseño la contemplaban.
HU-080,Disponibilidad diaria de ítems,E10,Menú · catálogo del patrón Comanda,jefe de cocina,marcar un plato como agotado durante el servicio,que el mesero no lo siga vendiendo cuando ya no hay,3,servicio-menu,menu,"disponibilidad_diaria, items_menu",—,HU-077,"menu, backend, eventos","1. Dado un ítem, cuando lo marco agotado, entonces desaparece de la carta de los meseros en tiempo real.
2. Dado el cambio de día, cuando empieza el servicio, entonces la disponibilidad se reinicia.
3. Dado un evento `stock_actualizado` que deja un insumo en cero, cuando llega, entonces los ítems que lo requieren se marcan agotados.
4. Dado un ítem con cupo diario, cuando se agota el cupo, entonces se marca solo.",
HU-081,Zonas y mesas con su posición en el plano,E11,Mesas · el salón,administrador del restaurante,dibujar mi salón con sus zonas y mesas,que el mesero vea el plano tal como es el local,5,servicio-mesas,mesas,"zonas, mesas",design/pantallas/MesasWeb.html,HU-011,"mesas, backend, flutter","1. Dada una mesa, cuando la creo, entonces le asigno código, capacidad, zona y posición en el plano.
2. Dado un código de mesa repetido, cuando lo creo, entonces responde 409.
3. Dado el plano, cuando muevo una mesa, entonces su posición se guarda y se ve igual la próxima vez.
4. Dada una mesa con una sesión abierta, cuando intento eliminarla, entonces responde 409.",
HU-082,"Sesión de mesa: abrir, ocupar y liberar",E11,Mesas · el salón,mesero,abrir una mesa cuando llegan los comensales y liberarla cuando se van,saber cuáles están ocupadas y cuánto llevan,5,servicio-mesas,mesas,"sesiones_mesa, mesas",design/pantallas/MesasWeb.html,HU-081,"mesas, backend, flutter","1. Dada una mesa libre, cuando la abro con el número de comensales, entonces pasa a `OCUPADA` y arranca el cronómetro.
2. Dada una mesa con sesión abierta, cuando intento abrir otra, entonces se rechaza — solo una a la vez.
3. Dado el cierre de la comanda, cuando llega el evento, entonces la mesa pasa a `SUCIA`, no directamente a libre.
4. Dada una mesa sucia, cuando el mesero la marca limpia, entonces pasa a `LIBRE`.
5. Dada una sesión cerrada, cuando la consulto, entonces sé cuánto duró y cuántos comensales tuvo.","Entre la mesa y la comanda va la sesión: es lo que permite unir mesas, medir la rotación y que cerrar la cuenta no deje la mesa libre de una."
HU-083,Unir mesas para un grupo grande,E11,Mesas · el salón,mesero,juntar dos o más mesas en una sola sesión,poder atender a un grupo de diez sin partir la cuenta,3,servicio-mesas,mesas,"sesion_mesas, sesiones_mesa",—,HU-082,"mesas, backend, flutter","1. Dadas dos mesas libres, cuando las uno, entonces comparten una sola sesión y una sola comanda.
2. Dada una mesa ya ocupada, cuando intento unirla a otra sesión, entonces se rechaza.
3. Dado un grupo de mesas unidas, cuando cierro la cuenta, entonces todas pasan a `SUCIA`.
4. Dado el plano, cuando miro mesas unidas, entonces se ve que pertenecen a la misma sesión.",
HU-084,Plano del salón en tiempo real,E11,Mesas · el salón,mesero,ver el estado de todas las mesas de un vistazo,saber a dónde ir sin recorrer el local,5,—,mesas,"mesas, zonas, sesiones_mesa",design/pantallas/MesasWeb.html,HU-082,"mesas, flutter","1. Dado el plano, cuando lo abro, entonces cada mesa muestra su estado por color, el tiempo y el consumo.
2. Dado que otro mesero abre una mesa, cuando ocurre, entonces mi plano se actualiza sin recargar.
3. Dado el celular, cuando lo abro, entonces veo las mesas agrupadas por zona en una rejilla tocable.
4. Dada una mesa, cuando la toco, entonces abro su comanda o la abro si está libre.",
HU-085,Abrir comanda y agregar líneas mientras el servicio avanza,E12,Comandas · transacción del patrón Comanda,mesero,ir agregando platos a la comanda durante toda la comida,"atender como se atiende de verdad: por rondas, no de una sola vez",8,servicio-comandas,comandas,"comandas, comanda_lineas, consecutivos",design/pantallas/ComandaWeb.html,"HU-078, HU-082","comandas, backend, flutter, clave","1. Dada una comanda ya enviada a cocina, cuando agrego más ítems, entonces se permite y las nuevas líneas quedan `PENDIENTE`.
2. Dada una línea, cuando se crea, entonces guarda copia del nombre y el precio del ítem en ese momento.
3. Dada cada adición, cuando ocurre, entonces los totales se recalculan y se persisten.
4. Dada una sesión de mesa, cuando tiene una comanda abierta, entonces no se puede abrir otra sobre la misma sesión.
5. Dado un ítem con modificadores obligatorios, cuando lo agrego sin elegirlos, entonces se rechaza.","La diferencia real con una venta: la transacción queda abierta y acumula líneas durante 90 minutos. Los totales se recalculan en cada adición, no una sola vez al cerrar."
HU-086,Ciclo de vida propio de cada línea,E12,Comandas · transacción del patrón Comanda,mesero,saber en qué va cada plato de la mesa,poder responder cuando el cliente pregunta cuánto falta,5,servicio-comandas,comandas,comanda_lineas,design/pantallas/ComandaWeb.html,HU-085,"comandas, backend, flutter","1. Dada una línea, cuando avanza, entonces recorre PENDIENTE, ENVIADA, EN_PREPARACION, LISTA y ENTREGADA.
2. Dada una comanda, cuando la consulto, entonces cada línea muestra su propio estado, no uno solo para todo el pedido.
3. Dado un cambio de estado, cuando ocurre, entonces queda su marca de tiempo para poder medir la demora.
4. Dada una línea con curso POSTRE y secuencia 2, cuando se envía, entonces la cocina sabe que va después.",
HU-087,Anular una línea: antes y después de enviarla a cocina,E12,Comandas · transacción del patrón Comanda,mesero,quitar un plato de la comanda,corregir un error sin que se pierda el rastro de lo que ya se cocinó,5,servicio-comandas,comandas,comanda_lineas,—,HU-086,"comandas, backend, clave","1. Dada una línea en estado PENDIENTE, cuando la elimino, entonces desaparece y no deja rastro contable.
2. Dada una línea ya ENVIADA, cuando la anulo, entonces queda en estado ANULADA con `genera_merma` en verdadero.
3. Dada una anulación con merma, cuando ocurre, entonces se publica `merma_registrada` y el insumo se descuenta igual.
4. Dada una anulación después de enviada, cuando la registro, entonces exige motivo y queda quién la autorizó.","Son dos operaciones distintas, no dos casos de la misma: si ya se cocinó, el insumo se gastó."
HU-088,Enviar a cocina y pantalla KDS por estación,E12,Comandas · transacción del patrón Comanda,jefe de cocina,"ver en una pantalla lo que hay que preparar, agrupado por estación",trabajar sin papeles y saber qué se está demorando,8,servicio-comandas,comandas,"tickets_cocina, ticket_cocina_lineas, comanda_lineas",design/pantallas/KDSWeb.html,HU-086,"comandas, backend, flutter","1. Dado que envío la comanda, cuando ocurre, entonces se generan tickets separados por estación con solo sus líneas.
2. Dada la pantalla de parrilla, cuando la abro, entonces veo solo lo suyo, en columnas Nuevos, En preparación y Listos.
3. Dado un ticket con más de 15 minutos, cuando lo miro, entonces se destaca visualmente como demorado.
4. Dado que marco un ticket como listo, cuando ocurre, entonces se publica `linea_lista` y al mesero le llega el aviso.
5. Dado que otra estación marca algo listo, cuando ocurre, entonces mi pantalla se actualiza sin recargar.",
HU-089,Dividir la cuenta entre comensales,E12,Comandas · transacción del patrón Comanda,mesero,"partir la cuenta por ítem, en partes iguales o por monto",atender el «pagamos por separado» sin rehacer el pedido,8,servicio-comandas,comandas,"cuentas, cuenta_lineas, comanda_lineas",design/pantallas/CuentaWeb.html,HU-085,"comandas, backend, flutter","1. Dada una comanda, cuando divido por ítem, entonces asigno cada línea a una cuenta y los totales cuadran con el total original.
2. Dada una bebida compartida, cuando la reparto entre dos cuentas, entonces cada una lleva su proporción y la suma da el 100%.
3. Dada la división en partes iguales entre cuatro, cuando la aplico, entonces cada cuenta lleva la cuarta parte.
4. Dada una cuenta pagada, cuando intento moverle líneas, entonces se rechaza.
5. Dada la última cuenta pagada, cuando se registra, entonces la comanda se cierra sola.","Sin la tabla de cuentas, «pagamos por separado» obliga a anular la comanda y rehacerla."
HU-090,Cerrar la comanda con propina y descuento de insumos,E12,Comandas · transacción del patrón Comanda,cajero,cobrar la comanda y cerrarla,liberar la mesa y que el inventario refleje lo que se consumió,8,servicio-comandas,comandas,"comandas, pagos_comanda, cuentas",—,"HU-089, HU-079","comandas, backend, eventos, clave","1. Dada una comanda con líneas sin enviar a cocina, cuando intento cerrarla, entonces se rechaza.
2. Dada la propina sugerida del 10%, cuando el cliente la acepta o la modifica, entonces se registra por separado del total.
3. Dado el cierre, cuando ocurre, entonces se publican dos eventos: `pedido_completado` e `insumos_consumidos`.
4. Dado `insumos_consumidos`, cuando lo consume Inventario, entonces descuenta los productos de las recetas.
5. Dado el cierre, cuando ocurre, entonces la mesa pasa a `SUCIA` y la caja registra el cobro.",La propina va aparte del total: en Colombia es voluntaria y no forma parte de la base gravable.
HU-091,Toma de comanda desde el celular del mesero,E12,Comandas · transacción del patrón Comanda,mesero,tomar el pedido en la mesa desde mi celular,no tener que ir al punto fijo a digitar,8,—,comandas,"comandas, comanda_lineas, items_menu",design/pantallas/ComandaMovil.html,HU-085,"comandas, flutter","1. Dado el celular, cuando abro la carta, entonces navego por categorías con botones grandes y agrego con un toque.
2. Dado un ítem con modificadores, cuando lo agrego, entonces me pregunta lo obligatorio antes de sumarlo.
3. Dada una nota como «sin cebolla», cuando la escribo, entonces viaja con la línea hasta la cocina.
4. Dado que pierdo señal, cuando sigo tomando el pedido, entonces se guarda local y sube al reconectar.
5. Dado el botón de enviar a cocina, cuando lo toco, entonces es del tamaño del pulgar y confirma antes de enviar.",
HU-092,Motor de reglas de alerta configurable,E13,Alertas y notificaciones,administrador del negocio,definir mis propias reglas de alerta,que alertar vencimientos en una droguería no sea un desarrollo,8,servicio-alertas,—,"tipos_alerta, reglas_alerta",—,HU-008,"alertas, backend","1. Dado el catálogo de tipos de alerta, cuando creo una regla, entonces elijo tipo, condición, severidad, canales y destinatarios.
2. Dada una regla de vencimiento a 30 días, cuando un lote entra en ese rango, entonces se genera la alerta.
3. Dada la misma condición que se repite, cuando ya hay una alerta activa dentro de la ventana de silencio, entonces no se duplica.
4. Dada una regla desactivada, cuando se cumple su condición, entonces no genera nada.
5. Dados los destinatarios por rol, cuando se genera la alerta, entonces le llega a todos los usuarios con ese rol.","Alertar vencimientos en droguería es una fila en `reglas_alerta`, no un módulo."
HU-093,Alertas de inventario: stock bajo y lotes por vencer,E13,Alertas y notificaciones,administrador del negocio,que me avisen antes de quedarme sin producto o de que se venza,no descubrirlo cuando el cliente ya lo está pidiendo,5,servicio-alertas,—,"alertas, reglas_alerta",—,"HU-092, HU-030","alertas, backend","1. Dado un producto que baja de su stock mínimo, cuando ocurre, entonces Inventario publica `stock_bajo_minimo` y se genera la alerta.
2. Dado un lote que entra en la ventana de vencimiento, cuando el job diario lo detecta, entonces publica `lote_por_vencer`.
3. Dada una alerta de stock, cuando la abro, entonces me lleva al producto y a la sugerencia de compra.
4. Dado que el stock se repone por encima del mínimo, cuando ocurre, entonces la alerta se resuelve sola.",
HU-094,"Entrega por push, correo y dentro de la app",E13,Alertas y notificaciones,usuario del negocio,recibir las alertas por el canal que me sirva,enterarme aunque no tenga la app abierta,5,servicio-alertas,core,"entregas, dispositivos_push, preferencias_notificacion",—,HU-092,"alertas, backend, flutter","1. Dado un dispositivo Android registrado, cuando se genera una alerta crítica, entonces llega push por Firebase.
2. Dado el navegador, cuando se genera la alerta, entonces aparece en el centro de notificaciones de la app.
3. Dada una entrega fallida, cuando ocurre, entonces se reintenta con backoff y queda el error registrado.
4. Dado un horario de «no molestar», cuando la alerta cae en esa franja, entonces se retiene hasta que termine, salvo severidad CRITICA.
5. Dado un token FCM inválido, cuando falla, entonces el dispositivo se marca inactivo.",
HU-095,Centro de alertas en la app,E13,Alertas y notificaciones,administrador del negocio,ver todas mis alertas en un solo lugar,"poder revisarlas cuando tenga tiempo, no solo cuando suenan",3,—,core,alertas,design/pantallas/InicioWeb.html,HU-094,"alertas, flutter","1. Dado el centro de alertas, cuando lo abro, entonces veo las nuevas primero, ordenadas por severidad.
2. Dada una alerta, cuando la marco resuelta, entonces desaparece de las pendientes y queda quién la resolvió.
3. Dada una alerta, cuando la toco, entonces navego a la entidad que la originó.
4. Dado el ícono de campana, cuando hay alertas nuevas, entonces muestra el indicador.",
HU-096,Esquema en estrella alimentado por eventos,E14,Reportes y dashboards,arquitecto,que Reportes tenga su propio modelo dimensional que se llena con eventos,poder reportar sin consultar la base de ningún otro servicio,13,servicio-reportes,—,"hechos_venta, hechos_reserva, hechos_comanda, dim_fecha, dim_producto",—,"HU-008, HU-037","reportes, backend, eventos, clave","1. Dado `venta_completada`, cuando llega, entonces se insertan las filas de hecho con sus dimensiones resueltas.
2. Dado que cambia el nombre de un producto, cuando llega `producto_actualizado`, entonces se cierra la versión anterior de la dimensión y se abre una nueva.
3. Dado un reporte de hace tres meses, cuando lo consulto, entonces muestra el nombre que el producto tenía entonces.
4. Dados los tres patrones activos, cuando se cierran documentos, entonces cada uno alimenta su tabla de hechos.
5. Dado que se pierde el read model, cuando se reconstruye desde los eventos, entonces queda idéntico.",Las dimensiones son SCD tipo 2 justamente para que el histórico no se reescriba.
HU-097,Agregados diarios para el dashboard,E14,Reportes y dashboards,dueño del negocio,ver mis ventas del día y del mes sin esperar,saber cómo va el negocio antes de cerrar,5,servicio-reportes,reportes,"agregados_diarios, ranking_productos",design/pantallas/InicioWeb.html,HU-096,"reportes, backend","1. Dado el cierre de un documento, cuando llega el evento, entonces los agregados del día se actualizan.
2. Dado el dashboard, cuando lo abro, entonces responde en menos de 300 ms sin recorrer las tablas de hechos.
3. Dada la zona horaria del negocio, cuando se agrupa por día, entonces el corte es a su medianoche, no a la del servidor.
4. Dado un documento anulado, cuando llega el evento, entonces los agregados se ajustan.",
HU-098,"Reportes de ventas, márgenes y rotación",E14,Reportes y dashboards,dueño del negocio,"ver qué se vende, con qué margen y qué está quieto",decidir qué comprar y qué dejar de comprar,8,servicio-reportes,reportes,"hechos_venta, ranking_productos, hechos_inventario",design/pantallas/ReportesWeb.html,HU-097,"reportes, backend, flutter","1. Dado un rango de fechas, cuando consulto ventas por categoría, entonces veo monto, unidades y margen.
2. Dado el margen, cuando se calcula, entonces usa el costo del momento de la venta, no el actual.
3. Dado el reporte de rotación, cuando lo consulto, entonces veo los días sin movimiento de cada producto.
4. Dado un negocio multi-sucursal, cuando filtro por sucursal, entonces los números corresponden solo a esa.",
HU-099,Métricas propias de Reserva y de Comanda,E14,Reportes y dashboards,dueño del hotel o del restaurante,"ver ocupación, ADR, RevPAR o rotación de mesas","medir mi negocio con los indicadores de mi industria, no con los de una tienda",8,servicio-reportes,reportes,"hechos_reserva, hechos_comanda, ocupacion_diaria",—,HU-096,"reportes, backend, flutter","1. Dado un hotel, cuando consulto el dashboard, entonces veo ocupación, ADR y RevPAR por día.
2. Dado un restaurante, cuando lo consulto, entonces veo rotación de mesas, tiempo medio de mesa y ticket por comensal.
3. Dado el patrón del negocio, cuando abro el dashboard, entonces solo veo las métricas que le aplican.
4. Dado un plato, cuando consulto su tiempo medio de preparación, entonces sale de las marcas de tiempo del KDS.",
HU-100,Exportar y programar reportes,E14,Reportes y dashboards,contador,exportar un reporte y programar que llegue por correo,no tener que entrar cada lunes a sacar lo mismo,5,servicio-reportes,reportes,"definiciones_reporte, reportes_programados, ejecuciones_reporte",—,HU-098,"reportes, backend","1. Dado un reporte, cuando lo exporto, entonces lo obtengo en PDF, XLSX o CSV.
2. Dada una programación semanal, cuando llega el momento, entonces se ejecuta y se envía a los destinatarios.
3. Dada una ejecución fallida, cuando ocurre, entonces queda registrada con el error y se reintenta.
4. Dado un reporte muy grande, cuando se ejecuta, entonces no bloquea la app: se procesa aparte y se avisa cuando está listo.",
HU-101,Bitácora de auditoría append-only,E15,Auditoría y sincronización,auditor,"saber quién cambió qué y cuándo, en cualquier servicio",poder responder ante un reclamo o una revisión sin adivinar,8,servicio-auditoria,—,eventos_auditoria,—,HU-008,"auditoria, backend","1. Dado cualquier cambio en una entidad de negocio, cuando ocurre, entonces queda un evento con usuario, servicio, entidad, acción y `trace_id`.
2. Dado un evento de auditoría, cuando alguien intenta editarlo o borrarlo, entonces se rechaza.
3. Dado un cambio, cuando lo consulto, entonces veo solo los campos que cambiaron, con su valor antes y después.
4. Dado un `trace_id`, cuando lo busco, entonces reconstruyo todo lo que hizo un request aunque cruzara cinco servicios.
5. Dada la política de retención del negocio, cuando se cumple el plazo, entonces las particiones viejas se archivan.",
HU-102,Cola de sincronización de operaciones offline,E15,Auditoría y sincronización,vendedor en ruta,que todo lo que hice sin señal suba en orden y sin duplicarse,confiar en que nada de lo que registré se pierde,8,servicio-auditoria,core,"operaciones_sync, dispositivos",—,HU-042,"auditoria, backend, flutter","1. Dado un lote de operaciones subido, cuando se procesa, entonces se aplican en el orden de su secuencia local.
2. Dada una operación ya aplicada, cuando llega de nuevo, entonces se descarta por su clave de idempotencia y se devuelve el resultado anterior.
3. Dado un dispositivo, cuando sincroniza, entonces se registra con su plataforma, versión de app y último cursor.
4. Dada una operación que falla por regla de negocio, cuando ocurre, entonces queda `RECHAZADA` con el motivo y no bloquea las siguientes.",
HU-103,Detección y resolución de conflictos de sincronización,E15,Auditoría y sincronización,administrador del negocio,saber cuándo dos personas cambiaron lo mismo y decidir qué queda,no perder trabajo en silencio,8,servicio-auditoria,core,"conflictos_sync, operaciones_sync",—,HU-102,"auditoria, backend, flutter","1. Dada una operación con una versión base desactualizada, cuando llega, entonces se registra un conflicto en vez de sobrescribir.
2. Dado un conflicto, cuando lo reviso, entonces veo la versión del servidor y la del cliente lado a lado.
3. Dado un conflicto resuelto, cuando elijo una versión, entonces queda quién resolvió y cómo.
4. Dada una entidad eliminada en el servidor, cuando llega una edición del cliente, entonces se marca conflicto de tipo `ELIMINADO_EN_SERVIDOR`.
5. Dado un conflicto sin resolver, cuando pasa un umbral de tiempo, entonces genera alerta.",
HU-104,Descarga incremental de cambios del servidor,E15,Auditoría y sincronización,usuario de la app,que la app baje solo lo que cambió desde la última vez,no gastar datos ni esperar a que baje todo el catálogo,5,servicio-auditoria,core,"cambios_servidor, dispositivos",—,HU-102,"auditoria, backend, flutter","1. Dado un cursor de sincronización, cuando pido cambios, entonces recibo solo los posteriores a ese punto.
2. Dada una descarga completa exitosa, cuando termina, entonces el cursor del dispositivo avanza.
3. Dada una descarga interrumpida, cuando reconecto, entonces continúa desde donde quedó sin repetir.
4. Dado un dispositivo que no sincroniza hace más del periodo de retención, cuando conecta, entonces se le fuerza una descarga completa.",
HU-105,Consulta de auditoría desde la app,E15,Auditoría y sincronización,gerente,ver el historial de cambios de un documento o de un usuario,aclarar una discusión sin llamar a soporte,3,—,core,eventos_auditoria,—,HU-101,"auditoria, flutter","1. Dada una venta, cuando abro su historial, entonces veo cada cambio con autor y fecha.
2. Dado un usuario, cuando consulto su actividad de un día, entonces veo todo lo que hizo.
3. Dado un usuario sin permiso de auditoría, cuando intenta consultarla, entonces responde 403.",
HU-106,Tema y sistema de diseño en código,E16,App Flutter · núcleo,desarrollador,"tener los colores, tipografía y espaciado como constantes de Dart",que ninguna pantalla invente un hex a mano,3,—,core,,design/tokens/regenta_theme.dart,HU-002,"flutter, core","1. Dado `regenta_theme.dart`, cuando lo uso, entonces expone `RegentaColors`, `RegentaType`, `RegentaSpacing` y `PatronOperativo`.
2. Dadas las dos familias tipográficas, cuando arranca la app, entonces Archivo e IBM Plex Mono cargan en Android y en Web.
3. Dado el patrón del negocio, cuando se construye el tema, entonces el color secundario corresponde a ese patrón.
4. Dado un widget cualquiera, cuando reviso el código, entonces no hay ningún `Color(0xFF...)` literal.",
HU-107,Navegación con rutas protegidas por rol y módulo,E16,App Flutter · núcleo,usuario del negocio,que la app me lleve solo a donde puedo entrar,no toparme con pantallas que mi plan o mi rol no permiten,5,—,core,negocio_modulos,—,"HU-020, HU-106","flutter, core","1. Dado un módulo inactivo, cuando intento navegar a su ruta, entonces me redirige y no la muestra.
2. Dado un rol sin permiso, cuando intento abrir la pantalla, entonces me redirige.
3. Dada la sesión cerrada, cuando abro cualquier ruta protegida, entonces voy al login.
4. Dado un enlace profundo desde una notificación, cuando lo abro, entonces navego a la entidad correcta tras validar sesión y permisos.",
HU-108,Composición adaptativa entre móvil y escritorio,E16,App Flutter · núcleo,usuario del negocio,que la app se vea bien en el celular y en el navegador ancho,trabajar en el mostrador y en la oficina con la misma herramienta,5,—,core,,design/README.md,HU-106,"flutter, core","1. Dado un ancho menor a `kBreakpointEscritorio`, cuando se construye la pantalla, entonces se usa la composición móvil.
2. Dado un ancho mayor, cuando se construye, entonces se usa la de escritorio con panel lateral.
3. Dado el código, cuando lo reviso, entonces hay un solo widget con `LayoutBuilder`, no dos widgets separados.
4. Dado el móvil, cuando reviso los controles, entonces ninguno mide menos de 44 px de alto.","Los dos HTML de cada pantalla son las dos ramas de este `if`, ya resueltas visualmente."
HU-109,"Sesión, token seguro y refresco automático",E16,App Flutter · núcleo,usuario del negocio,no tener que volver a entrar cada rato,trabajar sin que la app me saque a mitad de una venta,5,—,core,refresh_tokens,—,"HU-013, HU-014","flutter, core, seguridad","1. Dado el token, cuando se guarda, entonces va en `flutter_secure_storage` usando el keystore de Android.
2. Dado un token a punto de expirar, cuando hago una petición, entonces se refresca solo sin que yo lo note.
3. Dado un refresh fallido, cuando ocurre, entonces se cierra la sesión y voy al login con un mensaje claro.
4. Dado el navegador, cuando cierro la pestaña y vuelvo, entonces sigo con sesión si el refresh sigue vigente.",
HU-110,Base de datos local con Drift en Android y Web,E16,App Flutter · núcleo,desarrollador,una capa de persistencia local que funcione igual en los dos destinos,que la app opere sin conexión con el mismo código,8,—,core,,—,HU-002,"flutter, core, clave","1. Dado Android, cuando arranca la app, entonces Drift usa SQLite nativo.
2. Dado el navegador, cuando arranca, entonces Drift usa `sqlite3.wasm` con el mismo código Dart.
3. Dado un cambio de esquema local, cuando la app se actualiza, entonces migra sin perder la cola de sincronización.
4. Dado el navegador con almacenamiento limitado, cuando se acerca al límite, entonces se purga primero el catálogo cacheado y nunca la cola pendiente.",
HU-111,Cola de sincronización en segundo plano,E16,App Flutter · núcleo,vendedor en ruta,que lo que registré sin señal suba solo cuando vuelva la conexión,no tener que acordarme de sincronizar,8,—,core,operaciones_sync,—,"HU-110, HU-102","flutter, core, clave","1. Dado que vuelve la conexión, cuando ocurre, entonces `workmanager` dispara la subida sin que yo haga nada.
2. Dada una subida fallida, cuando ocurre, entonces se reintenta con backoff y no se pierde la operación.
3. Dada la cola, cuando la consulto en la app, entonces veo cuántas operaciones faltan y si alguna quedó en conflicto.
4. Dado un conflicto, cuando ocurre, entonces se me notifica en vez de resolverlo en silencio.
5. Dado que cierro la app, cuando vuelve la conexión, entonces la subida ocurre igual en segundo plano en Android.",
HU-112,Cliente HTTP con manejo uniforme de errores,E16,App Flutter · núcleo,desarrollador,un cliente HTTP que traduzca los códigos del backend a estados de la app,que un 402 se vea como «tu plan no incluye esto» y no como un error genérico,5,—,core,,—,HU-109,"flutter, core","1. Dado un 401, cuando llega, entonces se intenta refrescar el token una vez antes de cerrar sesión.
2. Dado un 402, cuando llega, entonces se muestra que el módulo no está en el plan, con la opción de contactar a ventas.
3. Dado un 403, cuando llega, entonces se muestra que falta permiso, no que falta plan.
4. Dado un 422, cuando llega, entonces los errores se pintan campo por campo en el formulario.
5. Dado un error de red, cuando ocurre y la operación es encolable, entonces se encola en vez de mostrar error.",
